<?xml version="1.0" encoding="UTF-8"?>
<deploy
 date="2024.02.21.17:35:17"
 outputDirectory="/home/student/Desktop/lab7/dac/">
 <perimeter>
  <parameter
     name="AUTO_GENERATION_ID"
     type="Integer"
     defaultValue="0"
     onHdl="0"
     affectsHdl="1" />
  <parameter
     name="AUTO_UNIQUE_ID"
     type="String"
     defaultValue=""
     onHdl="0"
     affectsHdl="1" />
  <parameter
     name="AUTO_DEVICE_FAMILY"
     type="String"
     defaultValue="Cyclone IV E"
     onHdl="0"
     affectsHdl="1" />
  <parameter
     name="AUTO_DEVICE"
     type="String"
     defaultValue="EP4CE115F29C7"
     onHdl="0"
     affectsHdl="1" />
  <parameter
     name="AUTO_DEVICE_SPEEDGRADE"
     type="String"
     defaultValue="7"
     onHdl="0"
     affectsHdl="1" />
  <parameter
     name="AUTO_CLK_CLOCK_RATE"
     type="Long"
     defaultValue="-1"
     onHdl="0"
     affectsHdl="1" />
  <parameter
     name="AUTO_CLK_CLOCK_DOMAIN"
     type="Integer"
     defaultValue="-1"
     onHdl="0"
     affectsHdl="1" />
  <parameter
     name="AUTO_CLK_RESET_DOMAIN"
     type="Integer"
     defaultValue="-1"
     onHdl="0"
     affectsHdl="1" />
  <interface name="clk" kind="clock" start="0">
   <property name="clockRate" value="0" />
   <property name="externallyDriven" value="false" />
   <property name="ptfSchematicName" value="" />
   <port name="CLOCK" direction="input" role="clk" width="1" />
  </interface>
  <interface name="external_interface" kind="conduit" start="0">
   <property name="associatedClock" value="" />
   <property name="associatedReset" value="" />
   <port name="ADC_SCLK" direction="output" role="SCLK" width="1" />
   <port name="ADC_CS_N" direction="output" role="CS_N" width="1" />
   <port name="ADC_DOUT" direction="input" role="DOUT" width="1" />
   <port name="ADC_DIN" direction="output" role="DIN" width="1" />
  </interface>
  <interface name="readings" kind="conduit" start="0">
   <property name="associatedClock" value="" />
   <property name="associatedReset" value="" />
   <port name="CH0" direction="output" role="CH0" width="12" />
   <port name="CH1" direction="output" role="CH1" width="12" />
   <port name="CH2" direction="output" role="CH2" width="12" />
   <port name="CH3" direction="output" role="CH3" width="12" />
   <port name="CH4" direction="output" role="CH4" width="12" />
   <port name="CH5" direction="output" role="CH5" width="12" />
   <port name="CH6" direction="output" role="CH6" width="12" />
   <port name="CH7" direction="output" role="CH7" width="12" />
  </interface>
  <interface name="reset" kind="reset" start="0">
   <property name="associatedClock" value="clk" />
   <property name="synchronousEdges" value="DEASSERT" />
   <port name="RESET" direction="input" role="reset" width="1" />
  </interface>
 </perimeter>
 <entity
   path=""
   parameterizationKey="dac:1.0:AUTO_CLK_CLOCK_DOMAIN=-1,AUTO_CLK_CLOCK_RATE=-1,AUTO_CLK_RESET_DOMAIN=-1,AUTO_DEVICE=EP4CE115F29C7,AUTO_DEVICE_FAMILY=Cyclone IV E,AUTO_DEVICE_SPEEDGRADE=7,AUTO_GENERATION_ID=1708565715,AUTO_UNIQUE_ID=(altera_up_avalon_adc_mega:18.0:AUTO_CLK_CLOCK_RATE=0,AUTO_DEVICE_FAMILY=Cyclone IV E,board=DE10-Standard,board_rev=Autodetect,max10plldivby=1,max10pllmultby=1,numch=7,numch_=8,sclk_freq=10.0,sys_clk_freq=50,tsclk=5)"
   instancePathKey="dac"
   kind="dac"
   version="1.0"
   name="dac">
  <parameter name="AUTO_CLK_CLOCK_RATE" value="-1" />
  <parameter name="AUTO_GENERATION_ID" value="1708565715" />
  <parameter name="AUTO_DEVICE" value="EP4CE115F29C7" />
  <parameter name="AUTO_DEVICE_FAMILY" value="Cyclone IV E" />
  <parameter name="AUTO_CLK_RESET_DOMAIN" value="-1" />
  <parameter name="AUTO_CLK_CLOCK_DOMAIN" value="-1" />
  <parameter name="AUTO_UNIQUE_ID" value="" />
  <parameter name="AUTO_DEVICE_SPEEDGRADE" value="7" />
  <generatedFiles>
   <file path="/home/student/Desktop/lab7/dac/synthesis/dac.v" type="VERILOG" />
  </generatedFiles>
  <childGeneratedFiles>
   <file
       path="/home/student/Desktop/lab7/dac/synthesis/submodules/altera_up_avalon_adv_adc.v"
       type="VERILOG" />
   <file
       path="/home/student/Desktop/lab7/dac/synthesis/submodules/dac_adc_mega_0.v"
       type="VERILOG" />
  </childGeneratedFiles>
  <sourceFiles>
   <file path="/home/student/Desktop/lab7/dac.qsys" />
  </sourceFiles>
  <childSourceFiles>
   <file
       path="/home/student/intelFPGA_lite/21.1/ip/altera/university_program/input_output/altera_up_avalon_adc/altera_up_avalon_adc_mega_hw.tcl" />
   <file
       path="/home/student/intelFPGA_lite/21.1/ip/altera/university_program/input_output/altera_up_avalon_adc/hdl/altera_up_avalon_adv_adc.v" />
  </childSourceFiles>
  <messages>
   <message level="Debug" culprit="dac">queue size: 0 starting:dac "dac"</message>
   <message level="Progress" culprit="min"></message>
   <message level="Progress" culprit="max"></message>
   <message level="Progress" culprit="current"></message>
   <message level="Debug">Transform: CustomInstructionTransform</message>
   <message level="Debug">No custom instruction connections, skipping transform </message>
   <message level="Debug" culprit="merlin_custom_instruction_transform"><![CDATA[After transform: <b>1</b> modules, <b>0</b> connections]]></message>
   <message level="Debug">Transform: MMTransform</message>
   <message level="Debug">Transform: InterruptMapperTransform</message>
   <message level="Debug">Transform: InterruptSyncTransform</message>
   <message level="Debug">Transform: InterruptFanoutTransform</message>
   <message level="Debug">Transform: AvalonStreamingTransform</message>
   <message level="Debug">Transform: ResetAdaptation</message>
   <message level="Debug" culprit="dac"><![CDATA["<b>dac</b>" reuses <b>altera_up_avalon_adc_mega</b> "<b>submodules/dac_adc_mega_0</b>"]]></message>
   <message level="Debug" culprit="dac">queue size: 0 starting:altera_up_avalon_adc_mega "submodules/dac_adc_mega_0"</message>
   <message level="Info" culprit="adc_mega_0">Starting Generation of ADC Controller for DE-series Board</message>
   <message level="Info" culprit="adc_mega_0">/home/student/intelFPGA_lite/21.1/ip/altera/university_program/input_output/altera_up_avalon_adc/hdl/altera_up_avalon_adv_adc.v /tmp/alt9775_5654442456850972889.dir/0002_sopcgen/dac_adc_mega_0.v</message>
   <message level="Debug">set ALTERA_HW_TCL_KEEP_TEMP_FILES=1 to retain temp files</message>
   <message level="Debug">Command: /home/student/intelFPGA_lite/21.1/quartus/linux64/quartus_map not_a_project --generate_hdl_interface=/tmp/alt9775_5654442456850972889.dir/0002_sopcgen/dac_adc_mega_0.v --source=/home/student/intelFPGA_lite/21.1/ip/altera/university_program/input_output/altera_up_avalon_adc/hdl/altera_up_avalon_adv_adc.v --source=/tmp/alt9775_5654442456850972889.dir/0002_sopcgen/dac_adc_mega_0.v --set=HDL_INTERFACE_OUTPUT_PATH=/tmp/alt9775_5654442456850972889.dir/0003_sopcqmap/ --ini=disable_check_quartus_compatibility_qsys_only=on</message>
   <message level="Debug">Command took 1.011s</message>
   <message level="Debug">set ALTERA_HW_TCL_KEEP_TEMP_FILES=1 to retain temp files</message>
   <message level="Debug">Command: /home/student/intelFPGA_lite/21.1/quartus/linux64/quartus_map not_a_project --generate_hdl_interface=/tmp/alt9775_5654442456850972889.dir/0002_sopcgen/dac_adc_mega_0.v --source=/home/student/intelFPGA_lite/21.1/ip/altera/university_program/input_output/altera_up_avalon_adc/hdl/altera_up_avalon_adv_adc.v --source=/tmp/alt9775_5654442456850972889.dir/0002_sopcgen/dac_adc_mega_0.v --set=HDL_INTERFACE_OUTPUT_PATH=/tmp/alt9775_5654442456850972889.dir/0004_sopcqmap/ --set=HDL_INTERFACE_INSTANCE_NAME=inst --set=HDL_INTERFACE_INSTANCE_ENTITY=dac_adc_mega_0 --set=HDL_INTERFACE_INSTANCE_PARAMETERS=board=S"DE10-Standard";board_rev=S"Autodetect";tsclk=D"5";numch=D"7";max10pllmultby=D"1";max10plldivby=D"1"; --ini=disable_check_quartus_compatibility_qsys_only=on</message>
   <message level="Debug">Command took 0.992s</message>
   <message level="Info" culprit="adc_mega_0"><![CDATA["<b>dac</b>" instantiated <b>altera_up_avalon_adc_mega</b> "<b>adc_mega_0</b>"]]></message>
  </messages>
 </entity>
 <entity
   path="submodules/"
   parameterizationKey="altera_up_avalon_adc_mega:18.0:AUTO_CLK_CLOCK_RATE=0,AUTO_DEVICE_FAMILY=Cyclone IV E,board=DE10-Standard,board_rev=Autodetect,max10plldivby=1,max10pllmultby=1,numch=7,numch_=8,sclk_freq=10.0,sys_clk_freq=50,tsclk=5"
   instancePathKey="dac:.:adc_mega_0"
   kind="altera_up_avalon_adc_mega"
   version="18.0"
   name="dac_adc_mega_0">
  <parameter name="AUTO_CLK_CLOCK_RATE" value="0" />
  <parameter name="AUTO_DEVICE_FAMILY" value="Cyclone IV E" />
  <parameter name="max10plldivby" value="1" />
  <parameter name="sys_clk_freq" value="50" />
  <parameter name="tsclk" value="5" />
  <parameter name="sclk_freq" value="10.0" />
  <parameter name="numch_" value="8" />
  <parameter name="board_rev" value="Autodetect" />
  <parameter name="max10pllmultby" value="1" />
  <parameter name="board" value="DE10-Standard" />
  <parameter name="numch" value="7" />
  <generatedFiles>
   <file
       path="/home/student/Desktop/lab7/dac/synthesis/submodules/altera_up_avalon_adv_adc.v"
       type="VERILOG" />
   <file
       path="/home/student/Desktop/lab7/dac/synthesis/submodules/dac_adc_mega_0.v"
       type="VERILOG" />
  </generatedFiles>
  <childGeneratedFiles/>
  <sourceFiles>
   <file
       path="/home/student/intelFPGA_lite/21.1/ip/altera/university_program/input_output/altera_up_avalon_adc/altera_up_avalon_adc_mega_hw.tcl" />
   <file
       path="/home/student/intelFPGA_lite/21.1/ip/altera/university_program/input_output/altera_up_avalon_adc/hdl/altera_up_avalon_adv_adc.v" />
  </sourceFiles>
  <childSourceFiles/>
  <instantiator instantiator="dac" as="adc_mega_0" />
  <messages>
   <message level="Debug" culprit="dac">queue size: 0 starting:altera_up_avalon_adc_mega "submodules/dac_adc_mega_0"</message>
   <message level="Info" culprit="adc_mega_0">Starting Generation of ADC Controller for DE-series Board</message>
   <message level="Info" culprit="adc_mega_0">/home/student/intelFPGA_lite/21.1/ip/altera/university_program/input_output/altera_up_avalon_adc/hdl/altera_up_avalon_adv_adc.v /tmp/alt9775_5654442456850972889.dir/0002_sopcgen/dac_adc_mega_0.v</message>
   <message level="Debug">set ALTERA_HW_TCL_KEEP_TEMP_FILES=1 to retain temp files</message>
   <message level="Debug">Command: /home/student/intelFPGA_lite/21.1/quartus/linux64/quartus_map not_a_project --generate_hdl_interface=/tmp/alt9775_5654442456850972889.dir/0002_sopcgen/dac_adc_mega_0.v --source=/home/student/intelFPGA_lite/21.1/ip/altera/university_program/input_output/altera_up_avalon_adc/hdl/altera_up_avalon_adv_adc.v --source=/tmp/alt9775_5654442456850972889.dir/0002_sopcgen/dac_adc_mega_0.v --set=HDL_INTERFACE_OUTPUT_PATH=/tmp/alt9775_5654442456850972889.dir/0003_sopcqmap/ --ini=disable_check_quartus_compatibility_qsys_only=on</message>
   <message level="Debug">Command took 1.011s</message>
   <message level="Debug">set ALTERA_HW_TCL_KEEP_TEMP_FILES=1 to retain temp files</message>
   <message level="Debug">Command: /home/student/intelFPGA_lite/21.1/quartus/linux64/quartus_map not_a_project --generate_hdl_interface=/tmp/alt9775_5654442456850972889.dir/0002_sopcgen/dac_adc_mega_0.v --source=/home/student/intelFPGA_lite/21.1/ip/altera/university_program/input_output/altera_up_avalon_adc/hdl/altera_up_avalon_adv_adc.v --source=/tmp/alt9775_5654442456850972889.dir/0002_sopcgen/dac_adc_mega_0.v --set=HDL_INTERFACE_OUTPUT_PATH=/tmp/alt9775_5654442456850972889.dir/0004_sopcqmap/ --set=HDL_INTERFACE_INSTANCE_NAME=inst --set=HDL_INTERFACE_INSTANCE_ENTITY=dac_adc_mega_0 --set=HDL_INTERFACE_INSTANCE_PARAMETERS=board=S"DE10-Standard";board_rev=S"Autodetect";tsclk=D"5";numch=D"7";max10pllmultby=D"1";max10plldivby=D"1"; --ini=disable_check_quartus_compatibility_qsys_only=on</message>
   <message level="Debug">Command took 0.992s</message>
   <message level="Info" culprit="adc_mega_0"><![CDATA["<b>dac</b>" instantiated <b>altera_up_avalon_adc_mega</b> "<b>adc_mega_0</b>"]]></message>
  </messages>
 </entity>
</deploy>
